no;Sample_ID;ID;run_name;barcode;year;month;Week;DATE ;JD;2021-01-01;Temp ;RH;Pluv;Vent_v;vent_D;
22;strip_1_3_its_B22;B. cinerea;Strip_1-3;22;;;;;;2022-01-01;;;;;;
21;strip_1_3_its_B21;B. pseudocinerea;Strip_1-3;21;;;20;2021-06-01;151;;16,9;69,79166667;0;8,995833333;149,1666667;EXEMPLE
1;strip_1_3_its_B1;QC02_21_WK20;Strip_1-3;1;2021;May;20;2021-05-12;131;;;;;;;
2;strip_1_3_its_B2;QC02_21_WK21;Strip_1-3;2;2021;May;21;2021-05-19;138;;;;;;;
4;strip_1_3_its_B4;QC02_21_WK22;Strip_1-3;4;2021;May;22;2021-05-26;145;;;;;;;
10;strip_1_3_its_B10;QC02_21_WK23;Strip_1-3;10;2021;June;23;2021-06-02;152;;;;;;;
17;strip_1_3_its_B17;QC02_21_WK24;Strip_1-3;17;2021;June;24;2021-06-09;159;;;;;;;
27;plaque_1_its_B5;QC02_21_WK25;Plaque_1;5;2021;June;25;2021-06-16;166;;;;;;;
34;plaque_1_its_B12;QC02_21_WK26;Plaque_1;12;2021;June;26;2021-06-23;173;;;;;;;
41;plaque_1_its_B19;QC02_21_WK27;Plaque_1;19;2021;July;27;2021-06-30;180;;;;;;;
48;plaque_1_its_B26;QC02_21_WK28;Plaque_1;26;2021;July;28;2021-07-07;187;;;;;;;
55;plaque_1_its_B33;QC02_21_WK29;Plaque_1;33;2021;July;29;2021-07-14;194;;;;;;;
62;plaque_1_its_B40;QC02_21_WK30;Plaque_1;40;2021;July;30;2021-07-21;201;;;;;;;
69;plaque_1_its_B47;QC02_21_WK31;Plaque_1;47;2021;July;31;2021-07-28;208;;;;;;;
76;plaque_1_its_B54;QC02_21_WK32;Plaque_1;54;2021;August;32;2021-08-04;215;;;;;;;
83;plaque_1_its_B61;QC02_21_WK33;Plaque_1;61;2021;August;33;2021-08-11;222;;;;;;;
90;plaque_1_its_B68;QC02_21_WK34;Plaque_1;68;2021;August;34;2021-08-18;229;;;;;;;
97;plaque_1_its_B75;QC02_21_WK35;Plaque_1;75;2021;August;35;2021-08-25;236;;;;;;;
104;plaque_1_its_B82;QC02_21_WK36;Plaque_1;82;2021;September;36;2021-09-01;243;;;;;;;
119;plaque_2_its_B1;QC02_22_Wk22;Plaque_2;1;2022;May;22;2022-05-25;144;;16,80357143;65,8452381;59,8;7,017261905;208,6666667;
120;plaque_2_its_B2;QC02_22_Wk23;Plaque_2;2;2022;June;23;2022-06-01;151;;15,72857143;69,85714286;9,1;6,716071429;190,6428571;
121;plaque_2_its_B3;QC02_22_Wk27;Plaque_2;3;2022;July;27;2022-06-29;179;;18,85595238;67,20833333;9,6;5,910119048;226,4761905;
122;plaque_2_its_B4;QC02_22_Wk30;Plaque_2;4;2022;July;30;2022-07-20;200;;23,6327381;72,89345238;24,9;7,016666667;210,9345238;
165;plaque_2_its_B47;QC02_22_Wk31;Plaque_2;47;2022;August;31;2022-07-27;207;;20,3577381;73,53333333;13,3;5,571428571;208,7797619;
166;plaque_2_its_B48;QC02_22_Wk33;Plaque_2;48;2022;August;33;2022-08-10;221;;17,31097561;76,21369048;8,9;5,113690476;238,4404762;
3;strip_1_3_its_B3;QC03_21_WK21;Strip_1-3;3;2021;May;21;2021-05-19;138;;;;;;;
5;strip_1_3_its_B5;QC03_21_WK22;Strip_1-3;5;2021;May;22;2021-05-26;145;;;;;;;
11;strip_1_3_its_B11;QC03_21_WK23;Strip_1-3;11;2021;June;23;2021-06-02;152;;;;;;;
18;strip_1_3_its_B18;QC03_21_WK24;Strip_1-3;18;2021;June;24;2021-06-09;159;;;;;;;
28;plaque_1_its_B6;QC03_21_WK25;Plaque_1;6;2021;June;25;2021-06-16;166;;;;;;;
35;plaque_1_its_B13;QC03_21_WK26;Plaque_1;13;2021;June;26;2021-06-23;173;;;;;;;
42;plaque_1_its_B20;QC03_21_WK27;Plaque_1;20;2021;July;27;2021-06-30;180;;;;;;;
49;plaque_1_its_B27;QC03_21_WK28;Plaque_1;27;2021;July;28;2021-07-07;187;;;;;;;
56;plaque_1_its_B34;QC03_21_WK29;Plaque_1;34;2021;July;29;2021-07-14;194;;;;;;;
63;plaque_1_its_B41;QC03_21_WK30;Plaque_1;41;2021;July;30;2021-07-21;201;;;;;;;
70;plaque_1_its_B48;QC03_21_WK31;Plaque_1;48;2021;July;31;2021-07-28;208;;;;;;;
77;plaque_1_its_B55;QC03_21_WK32;Plaque_1;55;2021;August;32;2021-08-04;215;;;;;;;
84;plaque_1_its_B62;QC03_21_WK33;Plaque_1;62;2021;August;33;2021-08-11;222;;;;;;;
91;plaque_1_its_B69;QC03_21_WK34;Plaque_1;69;2021;August;34;2021-08-18;229;;;;;;;
98;plaque_1_its_B76;QC03_21_WK35;Plaque_1;76;2021;August;35;2021-08-25;236;;;;;;;
105;plaque_1_its_B83;QC03_21_WK36;Plaque_1;83;2021;September;36;2021-09-01;243;;;;;;;
111;plaque_1_its_B89;QC03_21_WK37;Plaque_1;89;2021;September;37;2021-09-08;250;;;;;;;
123;plaque_2_its_B5;QC03_22_Wk23;Plaque_2;5;2022;June;23;2022-06-01;151;;15,8625;63,84722222;0;7,616666667;151,2638889;
124;plaque_2_its_B6;QC03_22_Wk24;Plaque_2;6;2022;June;24;2022-06-09;159;;17,55833333;75,41666667;55,5;8,118452381;216,75;
125;plaque_2_its_B7;QC03_22_Wk26;Plaque_2;7;2022;June;26;2022-06-22;173;;19,80238095;77,66309524;52,2;8,251190476;153,8869048;
126;plaque_2_its_B8;QC03_22_Wk27;Plaque_2;8;2022;July;27;2022-06-29;179;;19,86130952;65,41666667;0,2;7,460119048;191,2142857;
127;plaque_2_its_B9;QC03_22_Wk28;Plaque_2;9;2022;July;28;2022-07-06;187;;19,00714286;65,89166667;1,8;6,429166667;224,4880952;
128;plaque_2_its_B10;QC03_22_Wk29;Plaque_2;10;2022;July;29;2022-13-07;195;;20,60952381;73,42857143;38,5;6,133333333;229,6845238;
129;plaque_2_its_B11;QC03_22_Wk30;Plaque_2;11;2022;July;30;2022-07-20;200;;24,7875;69,73214286;11,9;8,661309524;230,2142857;
167;plaque_2_its_B49;QC03_22_Wk33;Plaque_2;49;2022;August;33;2022-08-10;221;;17,42261905;78,17440476;20,9;4,360119048;223,8869048;
168;plaque_2_its_B50;QC03_22_Wk34;Plaque_2;50;2022;August;34;2022-08-18;229;;20,80952381;76,41666667;16,4;4,766071429;134,547619;
169;plaque_2_its_B51;QC03_22_Wk35;Plaque_2;51;2022;August;35;2022-08-25;236;;19,7875;83,31547619;26,7;4,876190476;152,6785714;
170;plaque_2_its_B52;QC03_22_Wk36;Plaque_2;52;2022;September;36;2022-09-01;243;;17,05952381;81,51190476;33,3;6,233928571;161,4464286;
6;strip_1_3_its_B6;QC04_21_WK22;Strip_1-3;6;2021;May;22;2021-05-26;145;;14,91808511;72,67021277;0,6;0,989361702;201,2978723;
13;strip_1_3_its_B13;QC04_21_WK23;Strip_1-3;13;2021;June;23;2021-06-02;152;;23,27440476;65,91309524;6,6;1,705357143;192,3988095;
23;plaque_1_its_B1;QC04_21_WK24;Plaque_1;1;2021;June;24;2021-06-09;159;;19,87577381;59,32797619;17,2;0,824404762;178,6190476;
29;plaque_1_its_B7;QC04_21_WK25;Plaque_1;7;2021;June;25;2021-06-16;166;;19,17720238;68,08214286;34,6;1,556547619;216,8154762;
36;plaque_1_its_B14;QC04_21_WK26;Plaque_1;14;2021;June;26;2021-06-23;173;;22,51142857;68,27083333;12,6;1,717261905;191,4047619;
43;plaque_1_its_B21;QC04_21_WK27;Plaque_1;21;2021;July;27;2021-06-30;180;;19,58422619;82,08988095;10,4;0,702380952;127,1190476;
50;plaque_1_its_B28;QC04_21_WK28;Plaque_1;28;2021;July;28;2021-07-07;187;;18,9410119;82,49642857;21,4;0,595238095;161,6547619;
57;plaque_1_its_B35;QC04_21_WK29;Plaque_1;35;2021;July;29;2021-07-14;194;;22,07928571;82,78214286;34,6;0,854166667;184,7797619;
64;plaque_1_its_B42;QC04_21_WK30;Plaque_1;42;2021;July;30;2021-07-21;201;;20,05934524;79,28571429;15,2;0,910714286;214,7380952;
71;plaque_1_its_B49;QC04_21_WK31;Plaque_1;49;2021;July;31;2021-07-28;208;;18,01267857;75,53035714;7,4;1,05952381;210,172619;
78;plaque_1_its_B56;QC04_21_WK32;Plaque_1;56;2021;August;32;2021-08-04;215;;22,87660714;77,29761905;15,2;0,544642857;140,7321429;
85;plaque_1_its_B63;QC04_21_WK33;Plaque_1;63;2021;August;33;2021-08-11;222;;22,25375;77,72678571;12,8;0,806547619;182,7619048;
92;plaque_1_its_B70;QC04_21_WK34;Plaque_1;70;2021;August;34;2021-08-18;229;;24,59267857;84,1625;7,4;0,80952381;144,2261905;
99;plaque_1_its_B77;QC04_21_WK35;Plaque_1;77;2021;August;35;2021-08-25;236;;21,97738095;76,76071429;39,2;1,18452381;162,6369048;
106;plaque_1_its_B84;QC04_21_WK36;Plaque_1;84;2021;September;36;2021-09-01;243;;16,88166667;81,7672619;15,6;0,863095238;224,3452381;
112;plaque_1_its_B90;QC04_21_WK37;Plaque_1;90;2021;September;37;2021-09-08;250;;17,50494048;80,70892857;4,8;1,06547619;199,952381;
130;plaque_2_its_B12;QC04_22_Wk23;Plaque_2;12;2022;June;23;2022-06-01;151;;17,47610526;65,42210526;6,6;1,726315789;184,2736842;
131;plaque_2_its_B13;QC04_22_Wk24;Plaque_2;13;2022;June;24;2022-06-08;159;;18,23845238;75,0452381;40,6;1,464285714;223,9345238;
132;plaque_2_its_B14;QC04_22_Wk26;Plaque_2;14;2022;June;26;2022-06-22;173;;20,64988095;76,87619048;73,4;1,270833333;216,7797619;
133;plaque_2_its_B15;QC04_22_Wk27;Plaque_2;15;2022;July;27;2022-06-29;179;;20,26702381;69,25535714;4,6;1,092261905;237,0654762;
134;plaque_2_its_B16;QC04_22_Wk28;Plaque_2;16;2022;July;28;2022-07-06;187;;20,08803571;68,42380952;21,6;0,964285714;240,2380952;
135;plaque_2_its_B17;QC04_22_Wk29;Plaque_2;17;2022;July;29;2022-07-13;197;;21,55011905;75,74047619;24,2;0,904761905;251,7440476;
136;plaque_2_its_B18;QC04_22_Wk30;Plaque_2;18;2022;July;30;2022-07-20;206;;24,34625;72,4452381;3,8;1,351190476;227,2738095;
172;plaque_2_its_B54;QC04_22_Wk31;Plaque_2;54;2022;August;31;2022-07-27;215;;21,6525;75,51666667;2;0,9375;234,4940476;
171;plaque_2_its_B53;QC04_22_Wk32;Plaque_2;53;2022;August;32;2022-08-03;224;;21,49767857;84,01011905;36,8;0,446428571;178,6369048;
173;plaque_2_its_B55;QC04_22_Wk33;Plaque_2;55;2022;August;33;2022-08-10;233;;18,63958333;78,26190476;4,4;0,354166667;220,2083333;
174;plaque_2_its_B56;QC04_22_Wk34;Plaque_2;56;2022;August;34;2022-08-17;242;;21,56994048;79,92440476;87;0,550595238;168,7321429;
175;plaque_2_its_B57;QC04_22_Wk35;Plaque_2;57;2022;August;35;2022-08-24;251;;20,85434524;83,99285714;54,4;0,517857143;171,2559524;
176;plaque_2_its_B58;QC04_22_Wk36;Plaque_2;58;2022;September;36;2022-08-31;260;;16,78208333;83,01369048;5,4;0,645833333;163,3869048;
7;strip_1_3_its_B7;QC05_21_WK22;Strip_1-3;7;2021;May;22;2021-05-26;145;;15,19425532;69,16595745;0,2;3,521276596;254,6808511;
14;strip_1_3_its_B14;QC05_21_WK23;Strip_1-3;14;2021;June;23;2021-06-02;152;;23,15428571;66,09583333;4,4;3,838690476;224,922619;
24;plaque_1_its_B2;QC05_21_WK24;Plaque_1;2;2021;June;24;2021-06-09;159;;19,82065476;59,42142857;31;3,7375;211,6309524;
30;plaque_1_its_B8;QC05_21_WK25;Plaque_1;8;2021;June;25;2021-06-16;166;;18,90369048;70,36428571;29;4,068452381;249,75;
37;plaque_1_its_B15;QC05_21_WK26;Plaque_1;15;2021;June;26;2021-06-23;173;;22,18958333;70,49821429;10,8;4,464285714;225,1845238;
44;plaque_1_its_B22;QC05_21_WK27;Plaque_1;22;2021;July;27;2021-06-30;180;;19,61732143;80,12202381;8;3,658928571;145,4940476;
51;plaque_1_its_B29;QC05_21_WK28;Plaque_1;29;2021;July;28;2021-07-07;187;;18,96690476;80,56785714;23,6;3,151190476;211,547619;
58;plaque_1_its_B36;QC05_21_WK29;Plaque_1;36;2021;July;29;2021-07-14;194;;22,15345238;82,26190476;31,2;3,0125;200,2797619;
65;plaque_1_its_B43;QC05_21_WK30;Plaque_1;43;2021;July;30;2021-07-21;201;;20,00934524;79,01011905;14,6;3,407738095;264,172619;
72;plaque_1_its_B50;QC05_21_WK31;Plaque_1;50;2021;July;31;2021-07-28;208;;17,6225;76,92916667;4,8;3,42202381;237,8452381;
79;plaque_1_its_B57;QC05_21_WK32;Plaque_1;57;2021;August;32;2021-08-04;215;;22,5285119;78,22619048;5,8;2,913690476;165,5119048;
86;plaque_1_its_B64;QC05_21_WK33;Plaque_1;64;2021;August;33;2021-08-11;222;;22,0789881;77,36964286;11,8;3,2;222,1666667;
93;plaque_1_its_B71;QC05_21_WK34;Plaque_1;71;2021;August;34;2021-08-18;229;;24,62696429;83,41964286;8,4;2,838095238;181,6964286;
100;plaque_1_its_B78;QC05_21_WK35;Plaque_1;78;2021;August;35;2021-08-25;236;;21,64529762;77,6;33,2;3,610714286;190,6428571;
107;plaque_1_its_B85;QC05_21_WK36;Plaque_1;85;2021;September;36;2021-09-01;243;;16,6372619;81,85654762;13,8;3,2875;268,1130952;
113;plaque_1_its_B91;QC05_21_WK37;Plaque_1;91;2021;September;37;2021-09-08;250;;17,20696429;80,68630952;1,8;3,800595238;226,2678571;
137;plaque_2_its_B19;QC05_22_Wk23;Plaque_2;19;2022;June;23;2022-06-01;151;;17,42305263;64,83157895;8;1,342105263;223,1368421;
138;plaque_2_its_B20;QC05_22_Wk24;Plaque_2;20;2022;June;24;2022-06-08;158;;18,27333333;74,54940476;43,4;0,866071429;250,297619;
139;plaque_2_its_B21;QC05_22_Wk25;Plaque_2;21;2022;June;25;2022-06-15;165;;17,49910714;70,725;36,2;1,919642857;239,6904762;
140;plaque_2_its_B22;QC05_22_Wk26;Plaque_2;22;2022;June;26;2022-06-22;172;;20,54511905;77,4952381;69,4;1,494642857;255,2916667;
141;plaque_2_its_B23;QC05_22_Wk27;Plaque_2;23;2022;July;27;2022-06-29;179;;20,05678571;69,57857143;4,2;0,773809524;243,8809524;
142;plaque_2_its_B24;QC05_22_Wk29;Plaque_2;24;2022;July;29;2022-07-13;193;;21,31488095;75,35595238;31;0,604166667;268,7738095;
143;plaque_2_its_B25;QC05_22_Wk30;Plaque_2;25;2022;July;30;2022-07-20;200;;24,18202381;73,78392857;11,6;0,717261905;235,75;
177;plaque_2_its_B59;QC05_22_Wk31;Plaque_2;59;2022;August;31;2022-07-27;207;;21,20321429;78,03928571;8;0,595238095;230,702381;
178;plaque_2_its_B60;QC05_22_Wk32;Plaque_2;60;2022;August;32;2022-08-03;214;;21,12553571;84,07261905;33;0,580357143;164,5119048;
179;plaque_2_its_B61;QC05_22_Wk33;Plaque_2;61;2022;August;33;2022-08-10;221;;18,54119048;77,62678571;1,8;0,336309524;225,922619;
180;plaque_2_its_B62;QC05_22_Wk34;Plaque_2;62;2022;August;34;2022-08-17;228;;21,37553571;80,43154762;54,6;0,586309524;183,1309524;
184;plaque_2_its_B66;QC05_22_Wk36;Plaque_2;66;2022;September;36;2022-08-31;242;;16,49154762;83,72738095;7,6;0,758928571;148,4107143;
8;strip_1_3_its_B8;QC06_21_WK22;Strip_1-3;8;2021;May;22;2021-05-26;145;;15,05829787;72,07446809;0;1,531914894;229,1276596;
15;strip_1_3_its_B15;QC06_21_WK23;Strip_1-3;15;2021;June;23;2021-06-02;152;;23,12505952;66,11607143;6,4;2,172619048;209,6547619;
25;plaque_1_its_B3;QC06_21_WK24;Plaque_1;3;2021;June;24;2021-06-09;159;;19,67613095;61,21011905;18,6;1,324404762;188,7619048;
31;plaque_1_its_B9;QC06_21_WK25;Plaque_1;9;2021;June;25;2021-06-16;166;;18,85928571;71,29166667;33,8;2,336309524;227,5416667;
38;plaque_1_its_B16;QC06_21_WK26;Plaque_1;16;2021;June;26;2021-06-23;173;;22,145;70,91785714;11,2;2,404761905;202,8690476;
45;plaque_1_its_B23;QC06_21_WK27;Plaque_1;23;2021;July;27;2021-06-30;180;;19,56845238;82,87797619;6,2;0,776785714;189,3571429;
52;plaque_1_its_B30;QC06_21_WK28;Plaque_1;30;2021;July;28;2021-07-07;187;;18,89184524;83,12142857;21,8;0,919642857;202,2916667;
59;plaque_1_its_B37;QC06_21_WK29;Plaque_1;37;2021;July;29;2021-07-14;194;;22,11511905;82,85714286;15,2;1,110119048;203,5654762;
66;plaque_1_its_B44;QC06_21_WK30;Plaque_1;44;2021;July;30;2021-07-21;201;;20,15029762;78,89047619;13,2;1,342261905;233,6071429;
73;plaque_1_its_B51;QC06_21_WK31;Plaque_1;51;2021;July;31;2021-07-28;208;;18,01327381;75,71607143;5,8;1,410714286;228,0952381;
80;plaque_1_its_B58;QC06_21_WK32;Plaque_1;58;2021;August;32;2021-08-04;215;;22,99095238;76,12440476;9,4;1,327380952;164,202381;
87;plaque_1_its_B65;QC06_21_WK33;Plaque_1;65;2021;August;33;2021-08-11;222;;22,51029762;75,22619048;4,6;1,577380952;198,4404762;
94;plaque_1_its_B72;QC06_21_WK34;Plaque_1;72;2021;August;34;2021-08-18;229;;24,78065476;82,79345238;4,6;0,964285714;173,8392857;
101;plaque_1_its_B79;QC06_21_WK35;Plaque_1;79;2021;August;35;2021-08-25;236;;21,90666667;76,46607143;30,2;1,642857143;185,702381;
108;plaque_1_its_B86;QC06_21_WK36;Plaque_1;86;2021;September;36;2021-09-01;243;;16,94154762;80,91488095;15,4;1,422619048;246,1309524;
114;plaque_1_its_B92;QC06_21_WK37;Plaque_1;92;2021;September;37;2021-09-08;250;;17,35309524;80,43035714;4,8;1,744047619;214,7321429;
144;plaque_2_its_B26;QC06_22_Wk23;Plaque_2;26;2022;June;23;2022-06-01;151;;17,27084211;65,93894737;4,4;2,631578947;203,4631579;
145;plaque_2_its_B27;QC06_22_Wk24;Plaque_2;27;2022;June;24;2022-06-08;158;;18,09535714;75,44285714;40,2;2,196428571;222,297619;
146;plaque_2_its_B28;QC06_22_Wk25;Plaque_2;28;2022;June;25;2022-06-15;165;;17,26404762;71,78928571;16,4;3,188690476;223,8988095;
147;plaque_2_its_B29;QC06_22_Wk26;Plaque_2;29;2022;June;26;2022-06-22;172;;20,42220238;78,47857143;65,8;2,6375;210,1369048;
148;plaque_2_its_B30;QC06_22_Wk27;Plaque_2;30;2022;July;27;2022-06-29;179;;19,92928571;70,67619048;1,4;1,755952381;226,7916667;
149;plaque_2_its_B31;QC06_22_Wk28;Plaque_2;31;2022;July;28;2022-07-06;186;;19,68857143;69,125;21;1,508928571;306,8717949;
150;plaque_2_its_B32;QC06_22_Wk29;Plaque_2;32;2022;July;29;2022-07-13;193;;21,27875;75,77380952;26,2;1,288690476;N/A;
151;plaque_2_its_B33;QC06_22_Wk30;Plaque_2;33;2022;July;30;2022-07-20;200;;24,16125;73,38095238;3,6;1,836309524;N/A;
182;plaque_2_its_B64;QC06_22_Wk31;Plaque_2;64;2022;August;31;2022-07-27;207;;21,34428571;76,0577381;2,2;1,458333333;N/A;
183;plaque_2_its_B65;QC06_22_Wk33;Plaque_2;65;2022;August;33;2022-08-03;214;;18,43017857;78,54107143;4,8;0,544642857;N/A;
181;plaque_2_its_B63;QC06_22_Wk34;Plaque_2;63;2022;August;34;2022-08-10;221;;21,28982143;80,675;123,4;0,776785714;N/A;
185;plaque_2_its_B67;QC06_22_Wk35;Plaque_2;67;2022;August;35;2022-08-17;228;;20,70958333;84,0952381;51,4;1,056547619;N/A;
186;plaque_2_its_B68;QC06_22_Wk36;Plaque_2;68;2022;September;36;2022-08-24;235;;16,67946429;83,39583333;15,8;1,494047619;N/A;
187;plaque_2_its_B69;QC06_22_Wk37;Plaque_2;69;2022;September;37;2022-08-31;242;;19,91083333;83,14464286;26,8;0,645833333;N/A;
9;strip_1_3_its_B9;QC07_21_WK22;Strip_1-3;9;2021;May;22;2021-05-26;145;;21,481;42,03;0;3,65;235,5;
16;strip_1_3_its_B16;QC07_21_WK23;Strip_1-3;16;2021;June;23;2021-06-02;152;;23,53029762;63,74345238;5,8;2,077380952;219,7261905;
26;plaque_1_its_B4;QC07_21_WK24;Plaque_1;4;2021;June;24;2021-06-09;159;;19,44666667;61,45238095;19,2;0,5625;207,3809524;
32;plaque_1_its_B10;QC07_21_WK25;Plaque_1;10;2021;June;25;2021-06-16;166;;18,6610119;71,25416667;29,2;1,568452381;233,827381;
39;plaque_1_its_B17;QC07_21_WK26;Plaque_1;17;2021;June;26;2021-06-23;173;;22,08077381;70,48511905;10,6;1,074404762;201,8571429;
46;plaque_1_its_B24;QC07_21_WK27;Plaque_1;24;2021;July;27;2021-06-30;180;;19,53714286;81,59940476;10,6;0,547619048;164,6309524;
53;plaque_1_its_B31;QC07_21_WK28;Plaque_1;31;2021;July;28;2021-07-07;187;;18,78958333;82,05119048;21,6;0,380952381;214,7678571;
60;plaque_1_its_B38;QC07_21_WK29;Plaque_1;38;2021;July;29;2021-07-14;194;;22,08446429;82,38928571;22;0,583333333;190,6785714;
67;plaque_1_its_B45;QC07_21_WK30;Plaque_1;45;2021;July;30;2021-07-21;201;;19,8577381;78,97559524;17,4;0,729166667;250,952381;
74;plaque_1_its_B52;QC07_21_WK31;Plaque_1;52;2021;July;31;2021-07-28;208;;17,66928571;76,13035714;8,4;0,958333333;230,9821429;
81;plaque_1_its_B59;QC07_21_WK32;Plaque_1;59;2021;August;32;2021-08-04;215;;22,78011905;76,23452381;7,4;0,342261905;195,1547619;
88;plaque_1_its_B66;QC07_21_WK33;Plaque_1;66;2021;August;33;2021-08-11;222;;22,3272619;74,91845238;6,8;0,860119048;209,4285714;
95;plaque_1_its_B73;QC07_21_WK34;Plaque_1;73;2021;August;34;2021-08-18;229;;24,8475;81,84940476;6,4;0,321428571;164,9464286;
102;plaque_1_its_B80;QC07_21_WK35;Plaque_1;80;2021;August;35;2021-08-25;236;;21,83244048;77,10416667;25,6;0,80952381;207,5714286;
109;plaque_1_its_B87;QC07_21_WK36;Plaque_1;87;2021;September;36;2021-09-01;243;;16,50095238;82,08988095;18,2;1,05952381;232,9940476;
115;plaque_1_its_B93;QC07_21_WK37;Plaque_1;93;2021;September;37;2021-09-08;250;;17,11541667;81,29880952;2,2;0,773809524;223,8630952;
152;plaque_2_its_B34;QC07_22_Wk23;Plaque_2;34;2022;June;23;2022-06-01;151;;16,99831579;67,40210526;11;1,321052632;198,3157895;
153;plaque_2_its_B35;QC07_22_Wk24;Plaque_2;35;2022;June;24;2022-06-08;158;;18,03821429;75,5422619;43,2;1,50297619;226,077381;
154;plaque_2_its_B36;QC07_22_Wk25;Plaque_2;36;2022;June;25;2022-06-15;165;;17,22011905;72,09107143;21;1,75;218,8333333;
155;plaque_2_its_B37;QC07_22_Wk26;Plaque_2;37;2022;June;26;2022-06-22;172;;20,36821429;78,74940476;63;0,827380952;204,5535714;
156;plaque_2_its_B38;QC07_22_Wk27;Plaque_2;38;2022;July;27;2022-06-29;179;;20,11761905;68,90238095;1,8;0,94047619;222,9047619;
157;plaque_2_its_B39;QC07_22_Wk28;Plaque_2;39;2022;July;28;2022-07-06;186;;19,6760119;68,85833333;17,6;1,041666667;248,2380952;
158;plaque_2_its_B40;QC07_22_Wk29;Plaque_2;40;2022;July;29;2022-07-13;193;;21,06875;76,0827381;30,8;0,833333333;232,9702381;
159;plaque_2_its_B41;QC07_22_Wk30;Plaque_2;41;2022;July;30;2022-07-20;200;;24,1410119;72,725;5;1,25;218,3095238;
188;plaque_2_its_B70;QC07_22_Wk31;Plaque_2;70;2022;August;31;2022-07-27;207;;21,13678571;77,5952381;15,8;0,875;215,7202381;
189;plaque_2_its_B71;QC07_22_Wk32;Plaque_2;71;2022;August;32;2022-08-03;214;;21,44244048;83,72261905;53,8;0,279761905;160,4166667;
190;plaque_2_its_B72;QC07_22_Wk33;Plaque_2;72;2022;August;33;2022-08-10;221;;18,43845238;78,53154762;6,2;0,267857143;230,6428571;
191;plaque_2_its_B73;QC07_22_Wk34;Plaque_2;73;2022;August;34;2022-08-17;228;;21,35327381;80,8547619;31,6;0,297619048;155,2321429;
192;plaque_2_its_B74;QC07_22_Wk36;Plaque_2;74;2022;September;36;2022-08-31;242;;16,59107143;83,7672619;9,8;0,639880952;147,3333333;
33;plaque_1_its_B11;QC08_21_WK25;Plaque_1;11;2021;June;25;2022-08-19;166;;19,17027778;79,34722222;15,8;3,152777778;213,1111111;
40;plaque_1_its_B18;QC08_21_WK26;Plaque_1;18;2021;June;26;2022-08-20;173;;22,34892857;67,86130952;9,8;2,732142857;185,7857143;
47;plaque_1_its_B25;QC08_21_WK27;Plaque_1;25;2021;July;27;2022-08-21;180;;19,66428571;79,0452381;7,4;1,827380952;172,2678571;
54;plaque_1_its_B32;QC08_21_WK28;Plaque_1;32;2021;July;28;2022-08-22;187;;19,07708333;78,5125;19,2;1,5625;197,6130952;
61;plaque_1_its_B39;QC08_21_WK29;Plaque_1;39;2021;July;29;2022-08-23;194;;22,26940476;79,16785714;16,4;1,651785714;173,4047619;
68;plaque_1_its_B46;QC08_21_WK30;Plaque_1;46;2021;July;30;2022-08-24;201;;20,15785714;76,44107143;13,2;1,985119048;224,125;
75;plaque_1_its_B53;QC08_21_WK31;Plaque_1;53;2021;July;31;2022-08-25;208;;17,87184524;74,14761905;5,8;2,077380952;206,6309524;
82;plaque_1_its_B60;QC08_21_WK32;Plaque_1;60;2021;August;32;2022-08-26;215;;22,83178571;75,47321429;6,8;1,208333333;146,7202381;
89;plaque_1_its_B67;QC08_21_WK33;Plaque_1;67;2021;August;33;2022-08-27;222;;22,25952381;74,74107143;5,8;1,6875;192,1547619;
96;plaque_1_its_B74;QC08_21_WK34;Plaque_1;74;2021;August;34;2022-08-28;229;;24,73041667;81,02678571;5,2;1,255952381;168,3630952;
103;plaque_1_its_B81;QC08_21_WK35;Plaque_1;81;2021;August;35;2022-08-29;236;;21,75255952;76,35297619;31;2,05952381;165,6071429;
110;plaque_1_its_B88;QC08_21_WK36;Plaque_1;88;2021;September;36;2022-08-30;243;;16,68767857;81,23869048;15,2;2,041666667;225,875;
116;plaque_1_its_B94;QC08_21_WK37;Plaque_1;94;2021;September;37;2022-08-31;250;;17,36125;79,61488095;3,8;1,985119048;201,5357143;
160;plaque_2_its_B42;QC08_22_Wk24;Plaque_2;42;2022;June;24;2022-06-08;158;;22,6875;55,3875;0;0,8125;139,375;
161;plaque_2_its_B43;QC08_22_Wk27;Plaque_2;43;2022;July;27;2022-06-29;179;;20,28422619;68,38333333;3,8;0,842261905;228,6309524;
162;plaque_2_its_B44;QC08_22_Wk28;Plaque_2;44;2022;July;28;2022-07-06;186;;19,99619048;66,8797619;23,8;0,895833333;229,2142857;
163;plaque_2_its_B45;QC08_22_Wk29;Plaque_2;45;2022;July;29;2022-07-13;193;;21,41303571;74,3875;26,2;0,598214286;240,6845238;
164;plaque_2_its_B46;QC08_22_Wk30;Plaque_2;46;2022;July;30;2022-07-20;200;;24,27940476;72,08928571;3,2;0,922619048;218,7619048;
193;plaque_2_its_B75;QC08_22_Wk32;Plaque_2;75;2022;August;32;2022-08-03;214;;21,21613095;84,1625;48,2;0,616071429;153,9940476;
196;plaque_2_its_B78;QC08_22_Wk33;Plaque_2;78;2022;August;33;2022-08-10;221;;18,61910714;77,16071429;8,8;0,380952381;221,3511905;
195;plaque_2_its_B77;QC08_22_Wk34;Plaque_2;77;2022;August;34;2022-08-17;228;;21,38315476;79,79761905;69;0,574404762;152,422619;
194;plaque_2_its_B76;QC08_22_Wk35;Plaque_2;76;2022;August;35;2022-08-24;235;;20,68589286;83,64345238;36,8;0,595238095;160,1190476;
197;plaque_2_its_B79;QC08_22_Wk36;Plaque_2;79;2022;September;36;2022-08-31;242;;16,5285119;83,74285714;12,2;0,889880952;163,1964286;
12;strip_1_3_its_B12;Témoin ;Strip_1-3;12;;;;;;;;;;;;
19;strip_1_3_its_B19;Témoin ;Strip_1-3;19;;;;;;;;;;;;
20;strip_1_3_its_B20;Témoin ;Strip_1-3;20;;;;;;;;;;;;
117;plaque_1_its_B95;Témoin ;Plaque_1;95;;;;;;;;;;;;
118;plaque_1_its_B96;Témoin ;Plaque_1;96;;;;;;;;;;;;
198;plaque_2_its_B80;Témoin ;Plaque_2;80;;;;;;;;;;;;
